user_id,channel,feedback_date,feedback_text,user_role,firm_size,months_subscribed,monthly_queries,avg_session_duration_min,case_types_handled,row_hash,theme,severity,sentiment,cluster_id,is_representative
U14474,feedback_form,2024-07-08,Discovery motion templates need updating for recent rule changes. Still references old federal procedures that were amended in 2023. Causing confusion in federal court filings.,attorney,medium,14,367,15.2,"federal_litigation,complex_litigation",a45c1e762db3d58791b61e34c7a58fd3653beae4fe61afd95aa33bd119a4f364,jurisdiction_coverage,medium,negative,a45c1e762db3d58791b61e34c7a58fd3653beae4fe61afd95aa33bd119a4f364,True
U13550,phone_call,2024-07-10,Damages calculator for future medical expenses needs updating. Doesn't account for medical inflation rates properly and underestimates long-term care costs significantly.,attorney,medium,23,534,19.8,"medical_malpractice,catastrophic_injury",e2ca9e6dae0b47f4b6a87b293842bca5c53441a7b7b2d953d4268ced2fa8846d,calculation_accuracy,high,negative,e2ca9e6dae0b47f4b6a87b293842bca5c53441a7b7b2d953d4268ced2fa8846d,False
U14507,bug_report,2024-07-11,Client portal login system keeps timing out after 15 minutes of inactivity. Clients lose progress on document uploads and have to restart entire process.,case_manager,small,8,156,8.9,"personal_injury,auto_accident",e8832da6daed3e819a7a4f148dba01acce92403327ca39f410fc1ef3c0444a39,client_experience,medium,negative,e8832da6daed3e819a7a4f148dba01acce92403327ca39f410fc1ef3c0444a39,True
U12689,phone_call,2024-07-12,Statute of limitations tracker is buggy for maritime injury cases. It keeps defaulting to standard personal injury timeframes instead of Jones Act provisions.,attorney,medium,16,298,14.1,"maritime_injury,personal_injury",75860b0a43fc8dfe62bc300a831d4c2f6c1e5d451ce15d99b915feff1724d155,jurisdiction_coverage,critical,negative,75860b0a43fc8dfe62bc300a831d4c2f6c1e5d451ce15d99b915feff1724d155,False
U13583,slack,2024-07-13,just used the trial preparation checklist generator - it's comprehensive but missing key items for federal court procedures. seems optimized for state court practice,paralegal,small,5,167,9.6,"federal_litigation,personal_injury",53af3f6ebe3f3b057fe7197e54e7aefaa05fbb8995dedf565af0c74a6b52c859,jurisdiction_coverage,praise,positive,53af3f6ebe3f3b057fe7197e54e7aefaa05fbb8995dedf565af0c74a6b52c859,True
U14540,phone_call,2024-07-14,Comparative negligence calculator for multiple-defendant cases is sophisticated. Properly allocates fault percentages based on evidence and jurisdiction precedents. Very impressive!,attorney,large,30,701,27.8,"premises_liability,product_liability,auto_accident",a478876f7c608eebae546c7703415c09f63acf381e691380ec31bf433bcf748c,calculation_accuracy,praise,positive,a478876f7c608eebae546c7703415c09f63acf381e691380ec31bf433bcf748c,True
U12712,bug_report,2024-07-15,just discovered the batch document processing feature - uploaded 200 medical records and got summaries in 30 minutes. Saves days of time for mass tort cases!,paralegal,small,8,156,9.8,"medical_malpractice,auto_accident",302b382d714249cd842c20505cbbbebeae611b1802b41704ba8df881e94894f3,document_ai_quality,praise,positive,302b382d714249cd842c20505cbbbebeae611b1802b41704ba8df881e94894f3,True
U13616,feedback_form,2024-07-16,Case outcome prediction model is eerily accurate. Tested it on 20 closed cases and it correctly predicted outcomes in 18 cases. The confidence scores help with settlement strategy.,attorney,large,35,789,29.4,"complex_litigation,class_action,mass_tort",07912c72eb9d422d40feba893ebae0c4ec623e09ce66a2d654c6c8f05c279469,scoring_merit,praise,positive,07912c72eb9d422d40feba893ebae0c4ec623e09ce66a2d654c6c8f05c279469,True
U14573,slack,2024-07-17,"medical records timeline is great but needs better filtering options. want to see just surgical interventions or just diagnostic tests, not everything mixed together",paralegal,medium,13,298,11.6,"medical_malpractice,personal_injury",78807d7a550c9bbca5b9f5f157cd0794ca888b86e9da15b76f0d38dd3824dfb8,document_ai_quality,praise,positive,78807d7a550c9bbca5b9f5f157cd0794ca888b86e9da15b76f0d38dd3824dfb8,True
U12745,feedback_form,2024-07-18,"Medical records chronology feature saves brilliant amounts of time. Automatically sorts 400+ pages by date - used to take me two full days, now done in an hour.",attorney,small,11,387,19.2,"premises_liability,animal_attacks",4d1fd86ec4e4f9a487559009194d61b1f290a4612ec1113ae3cb20f7bb027da9,document_ai_quality,praise,positive,4d1fd86ec4e4f9a487559009194d61b1f290a4612ec1113ae3cb20f7bb027da9,True
U13649,phone_call,2024-07-19,"Client communication AI generates empathetic, professional messages but sometimes uses overly complex legal jargon. Clients prefer simpler language explanations.",case_manager,medium,10,289,12.7,"personal_injury,auto_accident",0ef4053d95582f88ea44e76590986c3a4542e972a6d9c185e0369266085f3c1f,client_experience,medium,negative,0ef4053d95582f88ea44e76590986c3a4542e972a6d9c185e0369266085f3c1f,True
U12778,slack,2024-07-20,"Medical record OCR is inaccurate on handwritten nursing notes. Accuracy drops to maybe 60% on cursive text, making transcriptions unreliable.",paralegal,large,21,445,16.7,"mass_tort,product_liability",eaf025673102ab8d0115cc132bce0a1158d05ec960146c12c6e1468b83cb28b4,document_ai_quality,medium,negative,eaf025673102ab8d0115cc132bce0a1158d05ec960146c12c6e1468b83cb28b4,True
U14606,feedback_form,2024-07-20,Automated research memo generation creates well-structured legal analysis but sometimes cites irrelevant cases. Need better relevance scoring in case law matching.,attorney,small,5,234,14.1,"appellate_practice,complex_litigation",eefe8ed15221099f69157473c12460b64051b727bf31967d9a5cd802b220985b,document_ai_quality,medium,negative,eefe8ed15221099f69157473c12460b64051b727bf31967d9a5cd802b220985b,True
U13682,bug_report,2024-07-21,Deposition scheduling integration with court reporting services keeps double-booking. Sync issues between CC calendar and external booking systems.,paralegal,small,9,134,8.5,"auto_accident,slip_and_fall",577d21180a4c1c3b79fa2874482574854814ecedde969a1cd66f2937eb6111ee,integrations_sync,medium,negative,577d21180a4c1c3b79fa2874482574854814ecedde969a1cd66f2937eb6111ee,True
U12801,phone_call,2024-07-22,"Client intake form AI is too aggressive in suggesting case merit. Had three low-value cases flagged as high potential, wasted time on initial research. Need better screening.",case_manager,medium,9,234,11.5,"auto_accident,slip_and_fall",30754f3f0d2e8150fc3d1a055e61214ad5473213d333c88ec588a83712c16019,scoring_merit,medium,negative,30754f3f0d2e8150fc3d1a055e61214ad5473213d333c88ec588a83712c16019,False
U14639,phone_call,2024-07-23,"Insurance policy analysis AI is incredibly thorough. Identifies coverage gaps, exclusions, and potential bad faith issues automatically. Essential for coverage disputes!",attorney,medium,18,456,20.7,"insurance_coverage,bad_faith,personal_injury",48f835a8d097654cc77acd6dc1b5770079641a62b557fbb9f30e9436dc09aa47,strategic_intelligence,praise,positive,48f835a8d097654cc77acd6dc1b5770079641a62b557fbb9f30e9436dc09aa47,True
U13715,feedback_form,2024-07-24,Medical records summarization for psychiatric injury cases is excellent. AI identifies key treatment patterns and medication changes that support mental anguish claims.,attorney,medium,14,398,17.2,"personal_injury,medical_malpractice,auto_accident",73d73c560beaad7b1bf032703459971449108b1d6c600f80004737e86e4e7d99,document_ai_quality,praise,positive,73d73c560beaad7b1bf032703459971449108b1d6c600f80004737e86e4e7d99,True
U12834,feedback_form,2024-07-25,"Document privilege review AI occasionally makes incorrect classifications, flagging attorney-client communications as discoverable. These inaccuracies are dangerous.",attorney,large,33,678,24.8,"class_action,mass_tort,complex_litigation",e50b08f4c6dadb107fc58a456e6231e67e3de8b7ab0a454ef1111a82749fb584,document_ai_quality,critical,negative,e50b08f4c6dadb107fc58a456e6231e67e3de8b7ab0a454ef1111a82749fb584,True
U14672,bug_report,2024-07-25,Witness contact management system duplicates entries when importing from external databases. Created 47 duplicate contacts for the same expert witness.,paralegal,large,22,545,17.3,"mass_tort,class_action",3fe8ec15e989f38f6e494e746d0130762a5ef2520892c7bfa2dfbe925646a60a,data_freshness,medium,negative,3fe8ec15e989f38f6e494e746d0130762a5ef2520892c7bfa2dfbe925646a60a,True
U13748,slack,2024-07-26,discovery compliance tracker is a lifesaver for complex cases. automatically monitors deadlines and flags potential sanctions risks. saved us from a major screw-up last week,paralegal,large,24,578,20.1,"class_action,complex_litigation",f1a783387a77718180f7937cd804ba7d56487c74204e66f2a56689435927cec6,document_ai_quality,praise,positive,f1a783387a77718180f7937cd804ba7d56487c74204e66f2a56689435927cec6,True
U12867,bug_report,2024-07-27,Client portal integration saves huge time on status updates. Clients can track case progress automatically without calling the office - saves hours of phone time weekly.,attorney,small,5,189,12.3,"personal_injury,premises_liability",b7ae6474f82d542f59c35bc6502a5c004c08a4ce4f1eb6146deed65ac87b88db,client_experience,praise,positive,b7ae6474f82d542f59c35bc6502a5c004c08a4ce4f1eb6146deed65ac87b88db,False
U13781,phone_call,2024-07-28,Settlement authority calculator helps determine realistic ranges but doesn't factor in client's emotional attachment to certain outcomes. Need more nuanced psychological modeling.,attorney,small,6,245,13.9,"wrongful_death,personal_injury",3d7de1011da271087453c052a47823de70f1a58ef0415eb7b5a2af1b61ca1b4d,calculation_accuracy,high,mixed,3d7de1011da271087453c052a47823de70f1a58ef0415eb7b5a2af1b61ca1b4d,True
U14705,feedback_form,2024-07-28,Settlement conference preparation tool generates excellent talking points and identifies key pressure points for negotiations. Helped achieve 40% higher settlement!,attorney,small,10,323,18.2,"auto_accident,premises_liability",4f2f4807be9b0407ae50eb74ec4cd0633ae2153cfe8a77fe6126241cc443138c,strategic_intelligence,praise,positive,4f2f4807be9b0407ae50eb74ec4cd0633ae2153cfe8a77fe6126241cc443138c,True
U12890,phone_call,2024-07-29,Opposing counsel database is fantastic. Cross-referenced their settlement patterns and found they typically settle 30% higher in Q4. Using this intel in negotiations now!,attorney,medium,17,512,21.6,"auto_accident,medical_malpractice,product_liability",3fb7bccaa4013b914b970393cdba0d4074d1dd8ec40c40fbe684903b05002972,strategic_intelligence,praise,positive,3fb7bccaa4013b914b970393cdba0d4074d1dd8ec40c40fbe684903b05002972,True
U14738,slack,2024-07-30,case expense tracking is useful but needs integration with accounting software. manually entering expenses defeats the automation purpose,case_manager,medium,9,267,12.8,"personal_injury,workers_comp",e028393220720759e50425714b443d84115cb6a32ca71266ebb74e5aef278e92,integrations_sync,medium,mixed,e028393220720759e50425714b443d84115cb6a32ca71266ebb74e5aef278e92,True
U13814,feedback_form,2024-07-31,Automated citation checking for legal briefs is fantastic. Catches outdated case law and suggests more recent precedents. Makes brief writing much more reliable.,attorney,medium,17,456,21.3,"appellate_practice,complex_litigation",23958d35d52300be0d1cfe6db32e0388c7f74296dd499de690aebcef7b41cc32,document_ai_quality,medium,mixed,23958d35d52300be0d1cfe6db32e0388c7f74296dd499de690aebcef7b41cc32,True
U12923,slack,2024-08-01,Automated citation checking for legal briefs saves so much time. Catches outdated case law instantly instead of spending hours manually verifying every citation.,attorney,small,7,298,15.9,"medical_malpractice,wrongful_death",955a78bca95e8a10689a1722cf3ea6db8d99b5e55e6d7750011761c4e083bd2a,document_ai_quality,medium,mixed,23958d35d52300be0d1cfe6db32e0388c7f74296dd499de690aebcef7b41cc32,False
U14771,phone_call,2024-08-01,Trial timeline generator creates comprehensive schedules but doesn't account for court holidays and local practice variations. Need jurisdiction-specific calendar integration.,paralegal,small,6,145,8.1,"personal_injury,slip_and_fall",ed76d0287ee68a8f21a6979cc1b407f23f2a999e10f6ad05353bd46151c32225,jurisdiction_coverage,medium,mixed,ed76d0287ee68a8f21a6979cc1b407f23f2a999e10f6ad05353bd46151c32225,True
U13847,bug_report,2024-08-02,Case value benchmarking tool crashes when analyzing cases with multiple defendants. Error occurs during liability apportionment calculations.,paralegal,large,21,523,16.8,"product_liability,premises_liability",1742988af3587ef6d253655b59ac78564b0c6d08e32e86040dbc6f50fb125a93,scale_performance,high,negative,1742988af3587ef6d253655b59ac78564b0c6d08e32e86040dbc6f50fb125a93,True
U12956,feedback_form,2024-08-03,Case merit scoring system is completely inaccurate - rating obvious losers as 7/10 and solid cases as 4/10. The algorithm seems backwards and incorrect.,case_manager,large,25,567,18.3,multi_case_types,7a255713d5fd127ac6e0b8e9da37f5e47efe943c61476033ba1df11361e00af4,scoring_merit,medium,negative,7a255713d5fd127ac6e0b8e9da37f5e47efe943c61476033ba1df11361e00af4,False
U14804,feedback_form,2024-08-03,Medical expense projection tool accurately forecasts future treatment costs based on injury severity and treatment patterns. Essential for life care planning!,attorney,large,33,712,28.6,"catastrophic_injury,medical_malpractice,wrongful_death",b2d2c60c4c2fb9debff4cee834aad6e3c50aa99963bc913a5ac776747810a7e9,calculation_accuracy,praise,positive,b2d2c60c4c2fb9debff4cee834aad6e3c50aa99963bc913a5ac776747810a7e9,True
U13880,phone_call,2024-08-04,Jury selection bias analysis is groundbreaking. AI identifies subtle patterns in juror responses that predict verdict tendencies. This is the future of trial practice!,attorney,medium,19,467,24.6,"medical_malpractice,product_liability,personal_injury",1dc23d0bf885e441a389fce6190d53bb5356f2954e3cca612695ae8c7df3a766,trial_prep,praise,positive,1dc23d0bf885e441a389fce6190d53bb5356f2954e3cca612695ae8c7df3a766,True
U12989,phone_call,2024-08-05,Automated court filing integration with state systems is buggy. Filed a motion in wrong format twice because CC didn't update for new local rules. Very embarrassing.,attorney,medium,12,334,13.7,"personal_injury,premises_liability",6a73af855c5375f0daa23fa821623224ac834e9b697038d835e8138007f3e612,jurisdiction_coverage,critical,negative,6a73af855c5375f0daa23fa821623224ac834e9b697038d835e8138007f3e612,True
U14837,bug_report,2024-08-05,Settlement demand calculator produces different results when same information entered in different order. Seems like calculation logic has ordering dependencies.,attorney,medium,17,423,16.9,"personal_injury,auto_accident",f5254f6c923856b81193936fc7eb4cebbd9aa5c7e0b268cb53e523bcd5206081,calculation_accuracy,unknown,unclassified,f5254f6c923856b81193936fc7eb4cebbd9aa5c7e0b268cb53e523bcd5206081,False
U13913,slack,2024-08-06,medical record OCR works great on typed reports but struggles with handwritten nursing notes. accuracy drops to maybe 60% on cursive text,paralegal,small,3,89,6.4,"medical_malpractice,nursing_home",1c2cca7d6bfb3640763861586705a3d70b9080693302c2b0295647551d94652a,document_ai_quality,medium,mixed,eaf025673102ab8d0115cc132bce0a1158d05ec960146c12c6e1468b83cb28b4,False
U13022,bug_report,2024-08-07,Calendar sync with Outlook keeps duplicating deposition appointments. Shows same depo at 2pm and 3pm. Causing scheduling conflicts with clients.,paralegal,medium,14,267,10.4,"auto_accident,workers_comp",af77ca6d560182731410f66db23a14417d22b3608af3689de1ac34e15e76c91b,integrations_sync,medium,negative,af77ca6d560182731410f66db23a14417d22b3608af3689de1ac34e15e76c91b,True
U14870,phone_call,2024-08-07,Jury questionnaire generator creates targeted questions based on case type and venue statistics. Helped identify biased jurors during voir dire process.,attorney,small,7,289,15.8,"medical_malpractice,product_liability",bca0c17062366d3fcbe34ac751df7114abb3d56620533bb424def9436ee3b910,trial_prep,praise,positive,bca0c17062366d3fcbe34ac751df7114abb3d56620533bb424def9436ee3b910,True
U13946,feedback_form,2024-08-08,Client intake chatbot pre-screens cases effectively. Filters out obviously non-viable claims and collects good initial information. Saves paralegal time on initial consultations.,case_manager,medium,12,334,11.9,"personal_injury,auto_accident,slip_and_fall",ab0a1f80c3fde3e9db91376e7fcba9310c6194c184c3c160eb549b4a57f529c5,client_experience,praise,positive,ab0a1f80c3fde3e9db91376e7fcba9310c6194c184c3c160eb549b4a57f529c5,True
U13055,feedback_form,2024-08-09,Case summary generator creates reports with incorrect medical terminology. Confuses 'cervical' with 'cerebral' and other terms. These inaccuracies are dangerous for client communications.,attorney,large,29,623,26.1,"medical_malpractice,wrongful_death,personal_injury",a5107c1fca9f287fe869093f7c590695f594a41890e430850854405352b62fb9,document_ai_quality,critical,negative,a5107c1fca9f287fe869093f7c590695f594a41890e430850854405352b62fb9,True
U14903,slack,2024-08-09,"document production organizer works well for small cases but becomes unwieldy with 10,000+ documents. need better folder structure and search capabilities",paralegal,large,24,634,19.5,"mass_tort,complex_litigation",b9774fccb8631ee2d556c272b2dd68bc889f6bd25c16b2f1ec2e639d531a01e2,scale_performance,medium,negative,b9774fccb8631ee2d556c272b2dd68bc889f6bd25c16b2f1ec2e639d531a01e2,True
U13979,phone_call,2024-08-10,Mediation brief generator creates well-structured documents but needs better customization for different mediator styles. Some prefer more aggressive positioning than others.,attorney,small,8,267,15.4,"auto_accident,premises_liability",16b41c8186bb65baca37d4e474abf849b0ced338a6fdaa0a25b1d2535fbf3028,document_ai_quality,low,unclassified,16b41c8186bb65baca37d4e474abf849b0ced338a6fdaa0a25b1d2535fbf3028,True
U14936,feedback_form,2024-08-11,Client satisfaction survey automation helps track service quality and identifies areas for improvement. Data-driven approach to client relationship management.,case_manager,medium,15,398,13.4,"personal_injury,auto_accident,premises_liability",c4bf17826b7d07641afc5afe9536e9b41887413f8cced5d299a4306cfa299b81,client_experience,praise,positive,c4bf17826b7d07641afc5afe9536e9b41887413f8cced5d299a4306cfa299b81,True
U13088,slack,2024-08-11,Client intake chatbot saves significant paralegal time on initial consultations. Pre-screens cases and collects information automatically - saves 2-3 hours per intake.,paralegal,small,6,123,8.2,"workers_comp,employment_law",a0015f14b64186f9824787dfeffbc17b7f22423916564d750384351cf051be90,client_experience,praise,positive,ab0a1f80c3fde3e9db91376e7fcba9310c6194c184c3c160eb549b4a57f529c5,False
U14012,bug_report,2024-08-12,Time tracking integration with billing software keeps losing entries. Logged 8.5 hours on case analysis but only 6.2 hours transferred to billing system.,paralegal,medium,15,398,13.6,"personal_injury,workers_comp",224ed3f5320948045b258c9f0491f479f1bc55b2d58bf63b7199b93170178ecf,integrations_sync,high,negative,224ed3f5320948045b258c9f0491f479f1bc55b2d58bf63b7199b93170178ecf,True
U13121,phone_call,2024-08-13,"Client portal integration is excellent. Clients can now track case progress, view documents, and get AI-generated status updates without calling the office. Huge efficiency gain!",case_manager,medium,18,445,17.8,"auto_accident,premises_liability,personal_injury",0c0cab274d424142350d8201c889f0ace0d8053b2ee73212021102416df70694,client_experience,praise,positive,b7ae6474f82d542f59c35bc6502a5c004c08a4ce4f1eb6146deed65ac87b88db,True
U14969,phone_call,2024-08-13,Damages summary generator for closing arguments creates compelling narratives but needs more emotional language options. Current templates are too clinical for jury impact.,attorney,small,11,356,17.6,"personal_injury,wrongful_death",5261432d6b8299d0522705211cbbd1a785ccdb48464b07af676c74d41d19bcc8,trial_prep,low,unclassified,5261432d6b8299d0522705211cbbd1a785ccdb48464b07af676c74d41d19bcc8,True
U13154,feedback_form,2024-08-14,Trial exhibit organization AI saves weeks of preparation time. Creates logical presentation sequences automatically instead of manual organization that used to take forever.,attorney,small,13,398,20.4,"slip_and_fall,auto_accident",3c33dd6e960bfd7f73a28f0cf65305c6de06c62297c63bd4831b27647bc6b0d2,trial_prep,praise,positive,3c33dd6e960bfd7f73a28f0cf65305c6de06c62297c63bd4831b27647bc6b0d2,True
U14045,feedback_form,2024-08-15,"Opposing counsel research tool is incredibly thorough. Provides win/loss records, average settlements, typical strategies, and even personality assessments. Game-changing intelligence!",attorney,large,28,656,25.7,"complex_litigation,class_action",f6af190595068cb711f3ea1c836dbdee9f7a541f251ff69a368e9d362c1a3aaa,strategic_intelligence,praise,positive,f6af190595068cb711f3ea1c836dbdee9f7a541f251ff69a368e9d362c1a3aaa,True
U15002,bug_report,2024-08-15,Case status dashboard shows incorrect progress percentages. Discovery shows 100% complete but we haven't received all defendant responses yet.,case_manager,medium,19,467,14.8,"complex_litigation,personal_injury",1ea43d665b560994e67c00b10f09cba214acde3eda1afc3a8beaf698109fefd3,data_freshness,medium,negative,1ea43d665b560994e67c00b10f09cba214acde3eda1afc3a8beaf698109fefd3,True
U12001,phone_call,2024-08-15,Love the new case timeline feature! It automatically organizes all the key dates and saves me hours of manual chronology work. Huge time saver for our team.,attorney,small,6,245,12.3,"slip_and_fall,auto_accident",6fe9cab7419e3d84ec445bd829f3ce4684e298a599e449ed2bca58f203f7182f,document_ai_quality,praise,positive,6fe9cab7419e3d84ec445bd829f3ce4684e298a599e449ed2bca58f203f7182f,True
U13187,bug_report,2024-08-16,"Medical bill review AI is inaccurate, flagging legitimate charges as potentially fraudulent. Too many incorrect false positives requiring manual review.",paralegal,large,20,556,15.9,"product_liability,class_action",8eae1d29842a65e97a5429ad108fba21441cc72fabc6af053b623d4e68c37648,document_ai_quality,medium,negative,8eae1d29842a65e97a5429ad108fba21441cc72fabc6af053b623d4e68c37648,False
U15035,feedback_form,2024-08-17,Automated fee agreement generation creates compliant documents for different states. Ensures proper disclosures and terms based on jurisdiction requirements.,attorney,large,29,656,23.1,"multi_state_practice,personal_injury",ac301e9dcc3e30cb3aa5098aa4a0bfc7804e507d9a26c3549a05b25583e3c73b,jurisdiction_coverage,unknown,unclassified,ac301e9dcc3e30cb3aa5098aa4a0bfc7804e507d9a26c3549a05b25583e3c73b,True
U12034,bug_report,2024-08-17,Document upload feature crashes when trying to upload medical records larger than 50MB. Error code: CC-DOC-500. This happens consistently on Chrome browser.,paralegal,medium,14,189,8.7,"medical_malpractice,product_liability",b0470b66f7b2a0e08a3ed67e50fd1356e19b729f374f9ac2ccd871dc705eb36c,scale_performance,high,negative,b0470b66f7b2a0e08a3ed67e50fd1356e19b729f374f9ac2ccd871dc705eb36c,True
U14078,slack,2024-08-17,"case similarity search is hit or miss. sometimes finds perfect matches, other times suggests totally unrelated cases. algorithm needs refinement for injury type matching",attorney,medium,7,234,12.1,"personal_injury,auto_accident",398a9ca4fdbaa309b909a5ee85925d5ce1d537b5734822e91dbbae4e86f3935d,strategic_intelligence,medium,mixed,398a9ca4fdbaa309b909a5ee85925d5ce1d537b5734822e91dbbae4e86f3935d,True
U13220,phone_call,2024-08-18,Jury consultant AI recommendations are spot-on. Suggested voir dire questions I never would have thought of that revealed key biases. Won a tough liability case because of it.,attorney,medium,22,478,23.7,"product_liability,medical_malpractice",ffa5b9430fbcaf1608a3eb1750f8b42f2bb7b9d463981ab38a753ef39f136122,trial_prep,praise,positive,ffa5b9430fbcaf1608a3eb1750f8b42f2bb7b9d463981ab38a753ef39f136122,True
U12089,feedback_form,2024-08-19,"Called support because the AI keeps giving inaccurate damage calculations for slip and fall cases. Sometimes it says $50K, other times $120K for similar injuries. Very frustrating when preparing client presentations.",case_manager,large,22,567,18.4,"workers_comp,auto_accident,premises_liability",3c39457051824c90c6e5dd90603eeb6fdb442b3af0007a86df23d8234098bfbc,calculation_accuracy,high,negative,3c39457051824c90c6e5dd90603eeb6fdb442b3af0007a86df23d8234098bfbc,True
U14111,phone_call,2024-08-19,Statute of limitations monitoring for mass tort cases is essential. Tracks thousands of individual claim deadlines automatically. Prevents costly missed filings in MDL proceedings.,case_manager,large,32,723,26.8,"mass_tort,class_action,product_liability",9119162f6cf3a716dfe213aaced982e0c8f5e9836662f0de6c58ecdce1038c01,jurisdiction_coverage,praise,positive,9119162f6cf3a716dfe213aaced982e0c8f5e9836662f0de6c58ecdce1038c01,True
U15068,slack,2024-08-19,settlement authority matrix helps determine negotiation ranges but doesn't factor in client financial desperation. some clients will take anything to pay medical bills,paralegal,small,3,98,6.7,"personal_injury,medical_collections",3a0778326022361774a2f3ea3ae5d25112b2d17f337ec7df0441a991d8b9db95,calculation_accuracy,high,mixed,3a0778326022361774a2f3ea3ae5d25112b2d17f337ec7df0441a991d8b9db95,True
U12156,slack,2024-08-20,hey team - anyone else notice that Case Companion is way slower this week? takes forever to load case summaries. might be a server issue?,attorney,medium,8,334,15.2,"personal_injury,wrongful_death",1ff0c99b3879831bb7f8253a11ec0ef368a0cfca8cda2c7652df9113e8d917a4,scale_performance,medium,negative,1ff0c99b3879831bb7f8253a11ec0ef368a0cfca8cda2c7652df9113e8d917a4,True
U14144,feedback_form,2024-08-21,Document privilege review AI is highly accurate but occasionally flags attorney-client communications as discoverable. Need more conservative settings for privilege protection.,paralegal,medium,18,445,14.7,"complex_litigation,corporate_defense",6715c55148c136ab2d49969f56d5db41a399aca31bb245230c56ff170c151c46,document_ai_quality,critical,negative,e50b08f4c6dadb107fc58a456e6231e67e3de8b7ab0a454ef1111a82749fb584,False
U15101,phone_call,2024-08-21,Expert witness preparation AI generates excellent examination outlines and identifies potential weak points in expert testimony. Trial prep time reduced by 60%!,attorney,medium,16,445,21.9,"medical_malpractice,product_liability,complex_litigation",51d5c82ecec0a1d5d4875643dff95d3a03cac47787ca3ed11498b72d64adff61,trial_prep,praise,positive,51d5c82ecec0a1d5d4875643dff95d3a03cac47787ca3ed11498b72d64adff61,True
U13253,slack,2024-08-21,Lien resolution tracker saves tons of time on Medicare and insurance liens. Automatically calculates reductions - saves hours of manual paperwork per settlement.,attorney,small,4,234,11.8,"auto_accident,personal_injury",abb12117dddde8a040d51feb062534e68f89316b6e44406cfb741de892dfa616,calculation_accuracy,praise,positive,abb12117dddde8a040d51feb062534e68f89316b6e44406cfb741de892dfa616,True
U12203,phone_call,2024-08-22,The deposition summary feature saves incredible amounts of time. Fed it a 300-page deposition and got a perfect 5-page summary in minutes instead of spending days reviewing.,attorney,small,3,456,22.1,"auto_accident,slip_and_fall",7aa2ad79a31495b4a4d76f0a718d05614a1609e6424e849f1443a1e601862079,trial_prep,praise,positive,7aa2ad79a31495b4a4d76f0a718d05614a1609e6424e849f1443a1e601862079,True
U12234,feedback_form,2024-08-23,Settlement calculation is completely inaccurate for wrongful death cases. It's not factoring in lost future earnings correctly for younger victims. Please review the algorithm.,attorney,large,18,234,13.6,"wrongful_death,medical_malpractice",cf5455bb09b49a23d994652fd841f8fcf4a3030c2bf5a63ca0b2ba761c061067,calculation_accuracy,high,negative,e2ca9e6dae0b47f4b6a87b293842bca5c53441a7b7b2d953d4268ced2fa8846d,False
U15134,feedback_form,2024-08-23,Case archival system needs better search functionality. Can't find closed cases from 2+ years ago without knowing exact case numbers. Very frustrating for reference research.,case_manager,large,31,578,20.3,"long_term_practice,reference_research",6c7d987c1d6063de0267c7b6e8ff09e21cb8780b7fa68a9f8252570a76c36baa,data_freshness,medium,negative,6c7d987c1d6063de0267c7b6e8ff09e21cb8780b7fa68a9f8252570a76c36baa,True
U14177,bug_report,2024-08-23,Settlement tracking dashboard won't update when payments are received in installments. Shows settlement as pending even after partial payments processed.,case_manager,small,11,298,10.3,"personal_injury,auto_accident",d9960da99648ed8569c02163d37a652e19c228db5a9f2c02657940746e25553f,calculation_accuracy,high,negative,d9960da99648ed8569c02163d37a652e19c228db5a9f2c02657940746e25553f,True
U13286,feedback_form,2024-08-24,Damages calculator gives inaccurate projections for future medical expenses. Doesn't account for medical inflation rates properly and produces incorrect underestimates.,case_manager,large,31,734,22.9,multi_case_types,f6d9f6622660dea3f02406ca373671cbdffdbb261c11f4c7dfaea9fae2a0735d,calculation_accuracy,high,negative,e2ca9e6dae0b47f4b6a87b293842bca5c53441a7b7b2d953d4268ced2fa8846d,False
U14210,phone_call,2024-08-25,Trial exhibit organization AI creates logical presentation sequences and identifies key documents for emphasis. Streamlined our trial prep by weeks. Excellent tool!,attorney,medium,16,423,19.9,"medical_malpractice,product_liability",b6fef2c954bbd1e2b6a000b613da14edb1c56731d434a370ae6fd9bdc4d0bdee,trial_prep,praise,positive,3c33dd6e960bfd7f73a28f0cf65305c6de06c62297c63bd4831b27647bc6b0d2,False
U15167,bug_report,2024-08-25,Medical bill review AI flags legitimate charges as potentially fraudulent. Too many false positives requiring manual review defeats the efficiency purpose.,paralegal,medium,14,334,12.2,"personal_injury,medical_billing_review",e84f2e08c021ceaaa113d0795beee5a1b56a5211eb9e7f1d0519731321bf5762,document_ai_quality,medium,negative,8eae1d29842a65e97a5429ad108fba21441cc72fabc6af053b623d4e68c37648,True
U12267,bug_report,2024-08-25,Integration with LexisNexis saves hours every week. Being able to pull case law directly into my research without switching platforms is a massive time saver.,paralegal,small,4,67,6.2,slip_and_fall,d56dfe6169d984366294d253efecfdbcbacc67ec44b20dd2d76db98b9e962666,integrations_sync,praise,positive,d56dfe6169d984366294d253efecfdbcbacc67ec44b20dd2d76db98b9e962666,True
U12298,phone_call,2024-08-26,Integration with LexisNexis is fantastic. Being able to pull case law directly into my research without switching platforms saves hours every week. Great work!,attorney,medium,12,398,19.7,"product_liability,medical_malpractice,auto_accident",2b1f8a97ed5ec31f46853f1eb0a0f5ce0068d4a447177b196ff0466cd47efeb6,integrations_sync,praise,positive,d56dfe6169d984366294d253efecfdbcbacc67ec44b20dd2d76db98b9e962666,False
U13319,phone_call,2024-08-27,Medical illustration generator for injury explanations is incredible. AI creates accurate anatomical diagrams showing injury mechanisms. Juries understand complex injuries much better now.,attorney,medium,15,423,18.6,"medical_malpractice,personal_injury,auto_accident",f2a65811fac740d11fd405e7272e4e0e763240aca3f0a3aaaa5f25e68d25c96e,document_ai_quality,praise,positive,f2a65811fac740d11fd405e7272e4e0e763240aca3f0a3aaaa5f25e68d25c96e,True
U12321,slack,2024-08-27,Client communication templates save so much time and ensure consistent messaging. What used to take 30 minutes per client update now takes 5 minutes.,attorney,small,9,276,16.8,"premises_liability,slip_and_fall",91fece943100afe678566770436e63635248ea360a328312db36428f2b9d18de,client_experience,praise,positive,91fece943100afe678566770436e63635248ea360a328312db36428f2b9d18de,True
U15200,phone_call,2024-08-27,Client communication scheduler sends perfectly timed updates at key case milestones. Clients feel informed and engaged throughout the process. Excellent relationship management!,case_manager,small,8,234,11.7,"personal_injury,client_relations",fbc11d653aeb794dcb28eeaed13f695124108d0796e7113559fc410e20805da5,client_experience,praise,positive,fbc11d653aeb794dcb28eeaed13f695124108d0796e7113559fc410e20805da5,True
U12356,feedback_form,2024-08-28,Would love to see better integration with our case management system (Needles). Currently have to manually export/import data which defeats the efficiency purpose.,case_manager,medium,7,145,9.3,"auto_accident,workers_comp",106d946676423313be6f0d8ceba3ec655727888327dc94057a2bfb581f211d47,integrations_sync,medium,negative,106d946676423313be6f0d8ceba3ec655727888327dc94057a2bfb581f211d47,True
U14243,slack,2024-08-28,anyone know how to adjust the sensitivity on the case merit scoring? it's rating obvious losers as 7/10 and solid cases as 4/10. seems backwards,paralegal,small,4,123,7.8,"slip_and_fall,premises_liability",6830d3a6c450fef820e3685f1ab65f938e97a09f9ed512f6e3825b874e3086f8,scoring_merit,medium,negative,7a255713d5fd127ac6e0b8e9da37f5e47efe943c61476033ba1df11361e00af4,True
U15233,slack,2024-08-29,trial exhibit numbering system keeps resetting when new documents added. losing track of exhibit organization is dangerous for trial presentation,paralegal,large,26,612,18.9,"trial_preparation,complex_litigation",7c91aff0240b526f279125c24174f1cb6bb329b93456ed8713a54be068c8bff0,trial_prep,critical,negative,7c91aff0240b526f279125c24174f1cb6bb329b93456ed8713a54be068c8bff0,True
U13352,bug_report,2024-08-29,Expert witness preparation AI saves massive time on trial prep. Generates examination outlines automatically - our trial prep time reduced by 60% and saves days of work!,paralegal,small,7,145,7.9,"product_liability,auto_accident",ba6fc0b2f79906aea9560d16d021b856cf1148ec2efbab5f94c896f508101705,trial_prep,praise,positive,51d5c82ecec0a1d5d4875643dff95d3a03cac47787ca3ed11498b72d64adff61,False
U12389,phone_call,2024-08-30,"Client intake form AI gives inaccurate case merit assessments. Had three low-value cases flagged as high potential, wasted time on initial research. Need better screening.",attorney,large,24,623,25.4,"product_liability,medical_malpractice,class_action",96e7045c035d9ecab61966ba3a56d9a8f2ced5236fec3aca5dd592fd9cdd2ba1,scoring_merit,medium,negative,30754f3f0d2e8150fc3d1a055e61214ad5473213d333c88ec588a83712c16019,True
U14276,feedback_form,2024-08-30,Automated demand letter generation saves hours but needs industry-specific templates. Insurance companies expect certain formatting and language conventions.,attorney,large,25,578,18.6,"insurance_defense,personal_injury",43ed62dbdd9a2a9209b77f7998d6b049f1c8ee6ba86892bfe765a4e97307cbf7,document_ai_quality,praise,positive,43ed62dbdd9a2a9209b77f7998d6b049f1c8ee6ba86892bfe765a4e97307cbf7,True
U13385,feedback_form,2024-08-31,"Document redaction AI saves hours of manual work. Automatically identifies and masks PII, medical info, and privileged communications. Accuracy rate seems very high.",paralegal,medium,19,367,12.4,"medical_malpractice,personal_injury",28c742b8d0c803e05997d9c4cc2d712316cbc99e738b10b97a84eb1eb10c6bab,document_ai_quality,praise,positive,28c742b8d0c803e05997d9c4cc2d712316cbc99e738b10b97a84eb1eb10c6bab,False
U15266,feedback_form,2024-08-31,Overall Case Companion has transformed our practice efficiency. ROI calculation shows 300% return in first year through time savings and better case outcomes. Highly recommend!,attorney,medium,21,523,24.2,"practice_management,efficiency_optimization",25e36a7889f043bf413f305778eb3d7d6b0edf2a6d1f459e3aa48e05019d4932,calculation_accuracy,praise,positive,25e36a7889f043bf413f305778eb3d7d6b0edf2a6d1f459e3aa48e05019d4932,True
U12412,bug_report,2024-09-01,Medical records analysis feature gives error when processing handwritten notes. OCR seems to struggle with doctor handwriting (understandable!) but should handle more gracefully.,paralegal,medium,5,198,11.4,"medical_malpractice,personal_injury",d23c85087390a2d965091098e9afbc32aa63be6ee0942a5b15cf59496eef745f,document_ai_quality,medium,negative,d23c85087390a2d965091098e9afbc32aa63be6ee0942a5b15cf59496eef745f,True
U14309,phone_call,2024-09-01,"Expert witness matching algorithm is brilliant. Considers case type, budget, geographic location, and past testimony success rates. Found perfect biomechanics expert!",attorney,small,9,345,17.8,"product_liability,auto_accident",4c675b36543ba2c7ab9332f67e437ad125a8ba52ca1b49b945ce7657ac912fd8,trial_prep,praise,positive,4c675b36543ba2c7ab9332f67e437ad125a8ba52ca1b49b945ce7657ac912fd8,True
U13418,slack,2024-09-02,Settlement demand calculator produces inaccurate results when same information entered in different order. The inconsistent outputs show incorrect calculation logic.,attorney,large,26,645,27.3,"class_action,mass_tort",57f8c862e49b0872f1ed708eb31b84db55e97f2c0aa4c2b1d1b79d7263106adb,calculation_accuracy,high,negative,f5254f6c923856b81193936fc7eb4cebbd9aa5c7e0b268cb53e523bcd5206081,True
U12445,feedback_form,2024-09-02,Billing breakdown analysis saves hours of manual calculation work. Nice to see ROI on different case types without spending half a day with spreadsheets.,attorney,small,15,423,17.9,"auto_accident,slip_and_fall,premises_liability",a56698dfc03272812f6705052ac32e0dfce63ef3e529cc0c81362eea8eafb73c,calculation_accuracy,praise,positive,a56698dfc03272812f6705052ac32e0dfce63ef3e529cc0c81362eea8eafb73c,True
U12478,slack,2024-09-03,Expert witness database has inaccurate contact information. Found three experts whose firms they left years ago but system shows incorrect current employment.,paralegal,large,11,234,8.9,"workers_comp,personal_injury",52c4dede8b1ae289908bdf540db8e0f34de17d819b5f9e6f1860988f242dded2,data_freshness,medium,negative,52c4dede8b1ae289908bdf540db8e0f34de17d819b5f9e6f1860988f242dded2,False
U14342,bug_report,2024-09-03,Case summary generator creates reports with incorrect medical terminology. Confuses 'cervical' with 'cerebral' and other similar-sounding terms. Dangerous for client communications.,paralegal,medium,6,189,9.7,"medical_malpractice,personal_injury",8fb0de05c0d0cf077981fe72bd1bcfb5cfa2ffd3b24a8f95dab3bc930b43ff05,document_ai_quality,critical,negative,a5107c1fca9f287fe869093f7c590695f594a41890e430850854405352b62fb9,False
U12501,phone_call,2024-09-04,Client communication templates generated by AI are professional and empathetic. Saves time and ensures consistent messaging. Clients appreciate the clear explanations of legal processes.,attorney,medium,6,312,14.7,"auto_accident,medical_malpractice",6b63ddcd90cd92dec76e4bd17232ed759fe62385daa5bbfdfe8deffb3a6a909c,client_experience,praise,positive,6b63ddcd90cd92dec76e4bd17232ed759fe62385daa5bbfdfe8deffb3a6a909c,True
U13451,phone_call,2024-09-04,Witness statement analysis AI is incredible. It cross-references all statements and flags inconsistencies automatically. Found contradictions that took me weeks to spot manually.,attorney,small,8,298,16.2,"premises_liability,auto_accident",00bb60a75d5668b7e5b12dffe15852871d716e72a1d62c6b6608d7dd94960ed6,document_ai_quality,praise,positive,00bb60a75d5668b7e5b12dffe15852871d716e72a1d62c6b6608d7dd94960ed6,True
U12534,feedback_form,2024-09-05,Voice-to-text feature is highly inaccurate with legal terminology. Keeps transcribing 'negligence' as 'negligents' and 'tort' as 'torte'. Needs legal dictionary training.,case_manager,large,19,445,16.2,multi_case_types,bfa4341681b1d674ed0f4eea7f179dfaf440d2000539978c48cce382e186d621,document_ai_quality,medium,negative,bfa4341681b1d674ed0f4eea7f179dfaf440d2000539978c48cce382e186d621,True
U14375,feedback_form,2024-09-05,Jury instruction database is comprehensive and includes recent appellate decisions on standard instructions. Helps craft more persuasive and legally sound jury charges.,attorney,medium,20,512,22.4,"trial_practice,personal_injury,medical_malpractice",d545fcc220282b334aead7fb04d4ef7fa234684136b8268abe9e8f58e6e77887,trial_prep,praise,positive,d545fcc220282b334aead7fb04d4ef7fa234684136b8268abe9e8f58e6e77887,True
U12567,bug_report,2024-09-06,Expert witness database search returns outdated contact info. Found three experts whose firms they left years ago. Please update database or add verification dates.,attorney,medium,13,267,12.8,"product_liability,medical_malpractice",8b6fb37eb97759b47ff43cf39e27faa753382a9097e2e7bc3bae08642daa6f58,data_freshness,medium,negative,52c4dede8b1ae289908bdf540db8e0f34de17d819b5f9e6f1860988f242dded2,True
U13484,feedback_form,2024-09-06,Need better templates for demand letters in product liability cases. Current templates are too generic and don't address complex manufacturing defect theories adequately.,attorney,medium,11,334,14.5,"product_liability,mass_tort",8b656108ff46694b1f5eda73c23b59a10458fa119cbb35db1848acab055f64c4,document_ai_quality,medium,negative,8b656108ff46694b1f5eda73c23b59a10458fa119cbb35db1848acab055f64c4,True
U14408,slack,2024-09-07,lien resolution tracker is super helpful for Medicare and insurance liens. automatically calculates reductions and tracks paperwork. saves tons of settlement delay,case_manager,large,27,634,21.2,"personal_injury,auto_accident,workers_comp",e1ce8164604dfa822aebd63467e814cc06e880ceb30696ead74bb894b46b873a,calculation_accuracy,praise,positive,abb12117dddde8a040d51feb062534e68f89316b6e44406cfb741de892dfa616,False
U12598,phone_call,2024-09-07,Document redaction AI saves hours of manual work. Automatically identifies and masks sensitive information - what used to take a full day now takes 30 minutes.,attorney,small,2,189,13.4,"auto_accident,premises_liability",55a9aefe6493b3a98fe60996db7835ae9881c8050ebbbd56973b5173f97fba74,document_ai_quality,praise,positive,28c742b8d0c803e05997d9c4cc2d712316cbc99e738b10b97a84eb1eb10c6bab,True
U12623,slack,2024-09-08,Expert witness cost calculator provides wildly inaccurate estimates for specialized fields. Quoted $500/hour for biomechanical engineer when accurate market rate is $800-1200/hour.,attorney,large,28,756,28.9,"class_action,product_liability,medical_malpractice",bbeeb83d30bb339060c057e44d4a50afdaa2aa410ad35eb5ec80b44c58ead1ca,calculation_accuracy,high,negative,bbeeb83d30bb339060c057e44d4a50afdaa2aa410ad35eb5ec80b44c58ead1ca,True
U13517,bug_report,2024-09-08,Statute of limitations tracker provides incorrect deadlines for maritime injury cases. It defaults to wrong timeframes instead of accurate Jones Act provisions.,paralegal,large,16,445,13.1,"auto_accident,premises_liability,workers_comp",af6ba5bee99d2fee8176615d08be1bd35a9a9abf3bef460757fd79f7e8bd516c,jurisdiction_coverage,critical,negative,75860b0a43fc8dfe62bc300a831d4c2f6c1e5d451ce15d99b915feff1724d155,False
U12656,feedback_form,2024-09-09,Training materials are excellent but would benefit from more video tutorials. Written guides are comprehensive but visual learners on our team struggle with text-heavy documentation.,paralegal,medium,3,123,7.6,"personal_injury,auto_accident",b01066cbdbd766916fae37a9c87e702316bc645dfb0cc1652d1083dbdd5f9446,training_enablement,medium,mixed,b01066cbdbd766916fae37a9c87e702316bc645dfb0cc1652d1083dbdd5f9446,True
U14441,phone_call,2024-09-09,Client outcome prediction model helps set realistic expectations during initial consultations. Clients appreciate honest assessments based on data rather than false hope.,attorney,small,12,378,16.5,"personal_injury,slip_and_fall,auto_accident",5dc5b77bc8c9a00ee5f9aa7b463e5ab7b8f924e00fecc797f93686af68339e8c,scoring_merit,praise,positive,5dc5b77bc8c9a00ee5f9aa7b463e5ab7b8f924e00fecc797f93686af68339e8c,True
U15021,phone_call,2024-09-11,Statute of limitations tracker still uses wrong deadlines for maritime injury cases. It ignores Jones Act provisions and defaults to standard personal injury timeframes. This is the third time we have raised it.,attorney,large,19,612,21.4,"maritime_injury,personal_injury",5e36bb3e331411f9686a05d58c66f91bba7443c2b1a6043adc742ce988200d49,jurisdiction_coverage,critical,negative,75860b0a43fc8dfe62bc300a831d4c2f6c1e5d451ce15d99b915feff1724d155,True
U15022,bug_report,2024-09-12,The sanctions risk monitor is excellent. It tracks every statute of limitations deadline across our docket automatically and saved us from a missed filing last month. Essential feature.,paralegal,medium,7,204,11.3,"personal_injury,auto_accident",4c2ef55dd37237d7569f657a786fb01f93cc73505772d91732bb6c00bb62c405,jurisdiction_coverage,praise,positive,4c2ef55dd37237d7569f657a786fb01f93cc73505772d91732bb6c00bb62c405,True
U15023,slack,2024-09-12,the mobile app logs me out every single time i switch between wifi and cellular. cannot review case notes from the courthouse hallway which is exactly when i need them most,attorney,small,4,98,7.1,"auto_accident,slip_and_fall",6c6c61d223935fb523ff38568c3fe8c53e9566dadd4430a877f112cd28fd5c98,unthemed,medium,negative,6c6c61d223935fb523ff38568c3fe8c53e9566dadd4430a877f112cd28fd5c98,True
U15024,feedback_form,2024-09-13,Damages calculator for future medical expenses is inaccurate for wrongful death cases. It is not factoring in lost future earnings correctly for younger victims and underestimates long-term care costs.,attorney,large,27,701,23.6,"wrongful_death,catastrophic_injury",954faa8cf51f5620e08b864093ec8883ae2b99ac4fae572e253512e62ad4da9c,calculation_accuracy,high,negative,e2ca9e6dae0b47f4b6a87b293842bca5c53441a7b7b2d953d4268ced2fa8846d,True
